thread_id,customer_message,brand_reply
1,"Where is my package?! Order #112-5566 said delivered but it's not here.","Sorry about that! Can you confirm the delivery address on file? We'll open a trace with the carrier and follow up within 24 hours."
2,"My order #883-2210 still shows 'in transit' after 9 days, way past the estimate.","That's longer than expected. We've escalated a trace with the carrier for order #883-2210 and will update you as soon as we hear back."
3,"Package marked delivered but nothing on my porch. Order 445-9981.","We're sorry to hear that. We've filed a claim with the carrier for order 445-9981 and a replacement or refund will be issued once confirmed."
4,"When will order #221-7734 arrive? No tracking updates in 3 days.","Tracking can lag behind the carrier scan. We checked and it's still moving toward you — expect an update within 24 hours."
5,"Can I get a refund for order #556-1123, item arrived broken.","So sorry! We've started a refund for order #556-1123, you'll see it back on your original payment method in 3-5 business days."
6,"I want my money back for order 778-3390, wrong item was sent.","We understand the frustration. A full refund for order 778-3390 has been issued, no need to return the wrong item."
7,"Requesting refund on order #990-4412, cancelled it too late.","Since the order already shipped we can't cancel it, but once it arrives you can start a free return and we'll refund it."
8,"The blender I got (order 334-2201) doesn't turn on at all.","That's not right. We can send a free replacement or refund for order 334-2201 — which would you prefer?"
9,"Headphones from order #667-8890 stopped working after 2 days.","Sorry to hear that! Since it's within the return window, we'll send a prepaid label so we can replace order 667-8890."
10,"Screen on my tablet, order 112-9903, arrived cracked.","We'll get that fixed right away — a replacement for order 112-9903 has been arranged, no return needed for a damaged item."
11,"I can't log into my account, keeps saying password incorrect.","Let's get you back in — please try the 'forgot password' link at the login page, and let us know if the reset email doesn't arrive."
12,"My account got locked after too many login attempts.","For your security we lock accounts after repeated failed attempts. Please reset your password via the link on the sign-in page to unlock it."
13,"Two-factor code never arrives when I try to sign in.","Sorry about that — can you confirm the phone number on file? We may need to resend the verification code manually."
14,"Why was I charged twice for order #220-5567?","That does look like a duplicate charge. We're reviewing your account now and will refund the extra charge for order 220-5567 within 2 business days."
15,"There's a charge on my card I don't recognize, possibly related to my account.","We take this seriously — please confirm your account email so we can investigate the charge and involve our billing security team if needed."
16,"My subscription renewed but I cancelled it last month!","We're sorry about that. We've cancelled the subscription and refunded this month's charge — you should see it in 3-5 business days."
17,"How do I return this item, order #556-7781, wrong size?","No problem — go to Your Orders, select order 556-7781, and choose 'Return items' to print a free label."
18,"Is there a way to exchange instead of return, order 998-2234?","We don't do direct exchanges, but you can return order 998-2234 for a refund and place a new order for the right size."
19,"Return label for order #223-8890 isn't working, error on print.","Sorry about the trouble — we've generated a new return label for order 223-8890 and sent it to your email."
20,"Can you cancel order #112-4432? Just placed it by mistake.","We caught it in time — order 112-4432 has been cancelled and no charge will go through."
21,"Trying to cancel order 667-1290 but the option isn't showing.","Once an order starts processing the cancel option disappears, but we've manually cancelled 667-1290 for you."
22,"What's your return policy for electronics?","Most electronics can be returned within 30 days of delivery if unopened, or for a replacement if defective. Let us know if you have a specific order in mind!"
23,"Do you ship to APO addresses?","Yes, we ship to APO/FPO addresses, though delivery times can run a bit longer than standard shipping."
24,"What payment methods do you accept?","We accept major credit/debit cards, gift cards, and select digital wallets at checkout."
25,"This is the third time my order has been delayed, I'm done with this company.","We completely understand your frustration and we're sorry we've let you down. We're escalating this to a specialist who will reach out directly to make this right."
26,"Absolutely furious, been on hold for an hour and no one is helping me with order 445-1290!","We're very sorry for the wait — I'm flagging order 445-1290 to a senior support specialist now who will contact you directly within the hour."
27,"I've asked three times for a refund on order 778-9012 and nothing has happened.","This should not have taken this long. We're escalating order 778-9012 to our resolutions team for immediate action and a follow-up today."
28,"My package (order 112-6631) shows delivered to the wrong city entirely.","That's concerning — we've flagged this as a potential misdelivery and are escalating order 112-6631 to our carrier investigations team."
29,"Is AmazonHelp able to price match a lower price I found elsewhere?","We don't currently offer price matching, but keep an eye on the item page as prices can update automatically over time."
30,"Just wanted to say thanks, my replacement for order 556-2201 arrived super fast!","That's wonderful to hear! Thanks for letting us know, and thank you for your patience."
